Trading Name,Trading Code,CCY,Underlying Benchmark,Close,Last,Chng %,Val ($M),Yield (%),TER (%),Documents,Fund Manager,TR 1M (%),TR 3M (%),TR 1Y (%),Ann. TR 1Y (%),Ann. TR 3Y (%),Asset Class,Geographical Focus,Income Treatment,Sustainability linked,Management Style,CPF Eligibility,SIP/EIP,Tick Size
SS SPDR STI ETF,ES3,SGD,Straits Times Index,5.424,5.485,1.125,9.850197549,,,Monthly Report (2026-05-31): https://api.fundinfo.com/document/905902c3e6e34aa81c22425fb3e7cb11_109976/MR_SG_en_SG1W45939194_YES_2026-05-31.pdf?apiKey=3829b15d-4921-4ea7-9faa-fb1fba132ca7 Prospectus (2022-08-16): https://api.fundinfo.com/document/cf0145b2fb9f797db3e6bb674a72d53c_761977/PR_SG_en_SG1W45939194_YES_2022-08-16.pdf?apiKey=3829b15d-4921-4ea7-9faa-fb1fba132ca7 ,State Street Investment Management,1.2,4.29,30.69,30.5,20.92,Equities,Singapore,Distributing,No,PASSIVE,Yes,EIP,0.001
Lion-OCBC Sec HSTECH S$,HST,SGD,Hang Seng TECH Index,0.728,0.764,4.945,4.187436385,,,Monthly Report (2026-04-30): https://api.fundinfo.com/document/16b3a7174290b73a3aaccb25b0b168cf_172454/MR_SG_en_SGXC56627679_YES_2026-04-30.pdf?apiKey=3829b15d-4921-4ea7-9faa-fb1fba132ca7 Annual Report (2025-12-31): https://api.fundinfo.com/document/4ce765619de8835cbf68ed16a99d12c4_350058/AR_SG_en_SGXC56627679_YES_2025-12-31.pdf?apiKey=3829b15d-4921-4ea7-9faa-fb1fba132ca7 Prospectus (2025-11-12): https://api.fundinfo.com/document/2ced0da9a7484ee30ae0f9eec150acbe_618091/PR_SG_en_SGXC56627679_YES_2025-11-12.pdf?apiKey=3829b15d-4921-4ea7-9faa-fb1fba132ca7 Semi-annual Report (2025-06-30): https://api.fundinfo.com/document/16f8d7d58fc8fa76db223287e9c76cbb_150263/SAR_SG_en_SGXC56627679_YES_2025-06-30.pdf?apiKey=3829b15d-4921-4ea7-9faa-fb1fba132ca7 Product Highlight Sheet (2024-11-13): https://api.fundinfo.com/document/052a53e74047335be515e3a04c1cbe52_85200/PHS_SG_en_SGXC56627679_YES_2024-11-13.pdf?apiKey=3829b15d-4921-4ea7-9faa-fb1fba132ca7 ,Lion Global Investors Limited,-2.97,-0.51,-7.23,-7.23,6.53,Equities,China,Accumulating,No,PASSIVE,No,EIP,0.001
Amova Asia exJC S$,A93,SGD,MSCI AC Asia ex Japan ex China Index,1.782,1.732,-2.751,1.410100398,,,,Amova Asset Management Asia Limited,,,,,,Equities,Asia,Accumulating,No,PASSIVE,No,EIP,0.001
Lion-OSPL Low Carbon S$,ESG,SGD,iEdge-OCBC Singapore Low Carbon Select 40 Capped Index,1.422,1.424,-0.07,1.38171622,,,Monthly Report (2026-04-30): https://api.fundinfo.com/document/788aa3d1ed9be18c31b8e09f15244e6a_171735/MR_SG_en_SGXC60641310_YES_2026-04-30.pdf?apiKey=3829b15d-4921-4ea7-9faa-fb1fba132ca7 Prospectus (2026-03-20): https://api.fundinfo.com/document/f7e6e0cf0266425c622aa99529c61528_898534/PR_SG_en_SGXC60641310_YES_2026-03-20.pdf?apiKey=3829b15d-4921-4ea7-9faa-fb1fba132ca7 Annual Report (2025-12-31): https://api.fundinfo.com/document/ca9e859373366c857873692d37b3b299_654008/AR_SG_en_SGXC60641310_YES_2025-12-31.pdf?apiKey=3829b15d-4921-4ea7-9faa-fb1fba132ca7 Semi-annual Report (2025-06-30): https://api.fundinfo.com/document/c0f90c0017c59132c7d776ecb05dd741_216990/SAR_SG_en_SGXC60641310_YES_2025-06-30.pdf?apiKey=3829b15d-4921-4ea7-9faa-fb1fba132ca7 Product Highlight Sheet (2025-03-21): https://api.fundinfo.com/document/f41945e869889f8e14bcbdf00d95e9f7_88044/PHS_SG_en_SGXC60641310_YES_2025-03-21.pdf?apiKey=3829b15d-4921-4ea7-9faa-fb1fba132ca7 ,Lion Global Investors Limited,0.14,-1.77,17.7,17.7,17.13,Equities,Singapore,Distributing,Yes,PASSIVE,No,EIP,0.001
A Lion Short Bond S$,SBO,SGD,3-month Singapore Overnight Rate Average (SORA) plus 0.35%,0.992,0.991,-0.101,1.282857219,,,,Lion Global Investors Limited,,,,,,Fixed Income,Global,Distributing,No,ACTIVE,No,EIP,0.001
Amova STI ETF S$D,G3B,SGD,Straits Times Index,5.45,5.5,0.917,0.955057336,,,Monthly Report (2026-05-31): https://api.fundinfo.com/document/96b2d29ea0f7b61afa0db860e31fe253_240922/MR_SG_en_SG1X52941694_YES_2026-05-31.pdf?apiKey=3829b15d-4921-4ea7-9faa-fb1fba132ca7 Product Highlight Sheet (2026-03-17): https://api.fundinfo.com/document/2fcbf413dff2acb36b8386421bb17442_259869/PHS_SG_en_SG1X52941694_YES_2026-03-17.pdf?apiKey=3829b15d-4921-4ea7-9faa-fb1fba132ca7 Prospectus (2026-03-17): https://api.fundinfo.com/document/ce6a903fb344688907d7ccab872ffa00_1116965/PR_SG_en_SG1X52941694_YES_2026-03-17.pdf?apiKey=3829b15d-4921-4ea7-9faa-fb1fba132ca7 Semi-annual Report (2025-12-31): https://api.fundinfo.com/document/1e0fda37e650f31c91fdb2f00d23c562_1151846/SAR_SG_en_SG1X52941694_YES_2025-12-31.pdf?apiKey=3829b15d-4921-4ea7-9faa-fb1fba132ca7 Annual Report (2025-06-30): https://api.fundinfo.com/document/06e0a22dc543eabfb0c5f807d55c4863_1293590/AR_SG_en_SG1X52941694_YES_2025-06-30.pdf?apiKey=3829b15d-4921-4ea7-9faa-fb1fba132ca7 ,Amova Asset Management Asia Limited,1.19,4.31,31.35,31.15,21.29,Equities,Singapore,Distributing,No,PASSIVE,Yes,EIP,0.001
A Lion Short Bond US$,SBV,USD,3-month Singapore Overnight Rate Average (SORA) plus 0.35%,0.767,0.763,-1.421,0.9541553,,,,Lion Global Investors Limited,,,,,,Fixed Income,Global,Distributing,No,ACTIVE,No,EIP,0.001
Amova Asia exJC USD,93U,USD,MSCI AC Asia ex Japan ex China Index,1.53,1.474,-8.504,0.7368,,,,Amova Asset Management Asia Limited,,,,,,Equities,Asia,Accumulating,No,PASSIVE,No,EIP,0.001
Amova Asia exJC US$,A94,USD,MSCI AC Asia ex Japan ex China Index,1.376,1.332,-4.585,0.68058,,,,Amova Asset Management Asia Limited,,,,,,Equities,Asia,Accumulating,No,PASSIVE,No,EIP,0.001
LION-PHILLIP S-REIT,CLR,SGD,Morningstar® Singapore REIT Yield Focus Index SM,0.828,0.83,0.242,0.580633649,,,Monthly Report (2026-04-30): https://api.fundinfo.com/document/9dae9ef1c265c0e1be976fbc47b8f61f_169385/MR_SG_en_SG1DJ3000008_YES_2026-04-30.pdf?apiKey=3829b15d-4921-4ea7-9faa-fb1fba132ca7 Annual Report (2025-12-31): https://api.fundinfo.com/document/8c672e614692ff782390567c3f1328a9_650958/AR_SG_en_SG1DJ3000008_YES_2025-12-31.pdf?apiKey=3829b15d-4921-4ea7-9faa-fb1fba132ca7 Prospectus (2025-08-22): https://api.fundinfo.com/document/83dc3bf936e894e716148bfda197fb5d_684998/PR_SG_en_SG1DJ3000008_YES_2025-08-22.pdf?apiKey=3829b15d-4921-4ea7-9faa-fb1fba132ca7 Semi-annual Report (2025-06-30): https://api.fundinfo.com/document/ea5b5fe8564d0b7fcd4d5d7bdfa19896_169607/SAR_SG_en_SG1DJ3000008_YES_2025-06-30.pdf?apiKey=3829b15d-4921-4ea7-9faa-fb1fba132ca7 Product Highlight Sheet (2024-08-23): https://api.fundinfo.com/document/4a54ebe6386bd74daf0977b922df7d6e_88981/PHS_SG_en_SG1DJ3000008_YES_2024-08-23.pdf?apiKey=3829b15d-4921-4ea7-9faa-fb1fba132ca7 ,Lion Global Investors Limited,-0.97,0,8.83,8.83,1.02,REITs,Singapore,Distributing,No,PASSIVE,No,EIP,0.001
GLD SG$,GSD,SGD,LBMA Gold Price PM,489.7,489,-0.143,0.57964055,,,Monthly Report (2026-05-31): https://api.fundinfo.com/document/0dece818bfaa2fdb1d871c46e17739de_111982/MR_SG_en_US78463V1070_YES_2026-05-31.pdf?apiKey=3829b15d-4921-4ea7-9faa-fb1fba132ca7 Product Highlight Sheet (2025-10-15): https://api.fundinfo.com/document/23383def0b5a19dc6674ba482750eaf3_236325/PHS_SG_en_US78463V1070_YES_2025-10-15.pdf?apiKey=3829b15d-4921-4ea7-9faa-fb1fba132ca7 Prospectus (2023-09-08): https://api.fundinfo.com/document/7a7ff2cbf7556850487b9f257c2add72_717890/PR_SG_en_US78463V1070_YES_2023-09-08.pdf?apiKey=3829b15d-4921-4ea7-9faa-fb1fba132ca7 ,State Street Investment Management,-6.23,-14.18,30.28,30.28,28.33,Commodities,Gold,-,No,PASSIVE,Yes,EIP,0.01
Amova-STC Asia REIT,CFA,SGD,FTSE EPRA/NAREIT Asia ex Japan Net Total Return REIT Index,0.785,0.787,0.255,0.479645956,,,Monthly Report (2026-05-31): https://api.fundinfo.com/document/85d1e94f86b2f08569b0ae579db268aa_244231/MR_SG_en_SG1DE9000003_YES_2026-05-31.pdf?apiKey=3829b15d-4921-4ea7-9faa-fb1fba132ca7 Semi-annual Report (2025-12-31): https://api.fundinfo.com/document/445ae4d53c62c31f6bf3cdb1a1625e31_1297793/SAR_SG_en_SG1DE9000003_YES_2025-12-31.pdf?apiKey=3829b15d-4921-4ea7-9faa-fb1fba132ca7 Prospectus (2025-09-18): https://api.fundinfo.com/document/9d5c2540bf7b39a6ac617f1543c8cb55_1281788/PR_SG_en_SG1DE9000003_YES_2025-09-18.pdf?apiKey=3829b15d-4921-4ea7-9faa-fb1fba132ca7 Product Highlight Sheet (2025-09-18): https://api.fundinfo.com/document/f7fa10fc14a51d995319f895aeba1740_257852/PHS_SG_en_SG1DE9000003_YES_2025-09-18.pdf?apiKey=3829b15d-4921-4ea7-9faa-fb1fba132ca7 Annual Report (2025-06-30): https://api.fundinfo.com/document/9ff79ee159cc711a7c13eee36635eba2_1281187/AR_SG_en_SG1DE9000003_YES_2025-06-30.pdf?apiKey=3829b15d-4921-4ea7-9faa-fb1fba132ca7 ,Amova Asset Management Asia Limited,-3.09,-3.46,6.67,6.64,1.94,REITs,Asia,Distributing,No,PASSIVE,Yes,EIP,0.001
Amova SGD IGBond ETF,MBH,SGD,iBoxx SGD Non-Sovereigns Large Cap Investment Grade Index,1.006,1.005,-0.099,0.47336485,,,Monthly Report (2026-05-31): https://api.fundinfo.com/document/d151c9b3942c40326a73f7b640a28199_246867/MR_SG_en_SGXC70121915_YES_2026-05-31.pdf?apiKey=3829b15d-4921-4ea7-9faa-fb1fba132ca7 Product Highlight Sheet (2026-03-17): https://api.fundinfo.com/document/eb0267fd367ade91c950869a3480496f_263885/PHS_SG_en_SGXC70121915_YES_2026-03-17.pdf?apiKey=3829b15d-4921-4ea7-9faa-fb1fba132ca7 Prospectus (2026-03-17): https://api.fundinfo.com/document/24136fc10107ac46af205722ebf24508_1105991/PR_SG_en_SGXC70121915_YES_2026-03-17.pdf?apiKey=3829b15d-4921-4ea7-9faa-fb1fba132ca7 Semi-annual Report (2025-12-31): https://api.fundinfo.com/document/ce38c1e89053c9fbb39fbcacb1d222ea_1122081/SAR_SG_en_SGXC70121915_YES_2025-12-31.pdf?apiKey=3829b15d-4921-4ea7-9faa-fb1fba132ca7 Annual Report (2025-06-30): https://api.fundinfo.com/document/83ebcee49efe9148ef41872fd8655485_1217598/AR_SG_en_SGXC70121915_YES_2025-06-30.pdf?apiKey=3829b15d-4921-4ea7-9faa-fb1fba132ca7 ,Amova Asset Management Asia Limited,-0.05,0.27,4.03,4.01,5.89,Fixed Income,Singapore,Distributing,No,PASSIVE,Yes,EIP,0.001
GLD US$,O87,USD,LBMA Gold Price PM,378.96,379.1,0.037,0.46643235,,,Monthly Report (2026-05-31): https://api.fundinfo.com/document/0dece818bfaa2fdb1d871c46e17739de_111982/MR_SG_en_US78463V1070_YES_2026-05-31.pdf?apiKey=3829b15d-4921-4ea7-9faa-fb1fba132ca7 Product Highlight Sheet (2025-10-15): https://api.fundinfo.com/document/23383def0b5a19dc6674ba482750eaf3_236325/PHS_SG_en_US78463V1070_YES_2025-10-15.pdf?apiKey=3829b15d-4921-4ea7-9faa-fb1fba132ca7 Prospectus (2023-09-08): https://api.fundinfo.com/document/7a7ff2cbf7556850487b9f257c2add72_717890/PR_SG_en_US78463V1070_YES_2023-09-08.pdf?apiKey=3829b15d-4921-4ea7-9faa-fb1fba132ca7 ,State Street Investment Management,-7.97,-14.96,30.19,30.19,30.03,Commodities,Gold,-,No,PASSIVE,Yes,EIP,0.01
ABF SG BOND ETF,A35,SGD,iBoxx ABF Singapore Bond Index,1.125,1.127,0.178,0.402064647,,,Monthly Report (2026-05-31): https://api.fundinfo.com/document/c0f8fe205a199cd7162681054f465281_177587/MR_SG_en_SG1S08926457_YES_2026-05-31.pdf?apiKey=3829b15d-4921-4ea7-9faa-fb1fba132ca7 Product Highlight Sheet (2026-03-17): https://api.fundinfo.com/document/44cff137966e0f2386f1da9ea4c47e84_261261/PHS_SG_en_SG1S08926457_YES_2026-03-17.pdf?apiKey=3829b15d-4921-4ea7-9faa-fb1fba132ca7 Prospectus (2026-03-17): https://api.fundinfo.com/document/eafd88e6ce734d325bcc622a68d400fd_1253938/PR_SG_en_SG1S08926457_YES_2026-03-17.pdf?apiKey=3829b15d-4921-4ea7-9faa-fb1fba132ca7 Semi-annual Report (2025-12-31): https://api.fundinfo.com/document/318ca6630c19dff0c431e0a39fe6a213_1174431/SAR_SG_en_SG1S08926457_YES_2025-12-31.pdf?apiKey=3829b15d-4921-4ea7-9faa-fb1fba132ca7 Annual Report (2025-06-30): https://api.fundinfo.com/document/c3765418b7842bce67f503f308cc3b5b_1162018/AR_SG_en_SG1S08926457_YES_2025-06-30.pdf?apiKey=3829b15d-4921-4ea7-9faa-fb1fba132ca7 ,Amova Asset Management Asia Limited,0.56,0.5,4.51,4.51,5.04,Fixed Income,Singapore,Distributing,No,PASSIVE,Yes,EIP,0.001
UOBAM PA FT ASEAN DV S$,UPD,SGD,FTSE ASEAN ex REITs Target Dividend Index,0.975,0.979,0.41,0.342720779,,,,UOB Asset Management,,,,,,Equities,South-East Asia,Distributing,No,PASSIVE,No,EIP,0.001
Amova STI ETF S$A,GAB,SGD,Straits Times Index,5.076,5.14,1.581,0.208650312,,,,Amova Asset Management Asia Limited,,,,,,Equities,Singapore,Accumulating,No,PASSIVE,Yes,EIP,0.001
CSOP iEdge SREIT ETF S$,SRT,SGD,iEdge SREIT Leaders Index,0.745,0.748,0.403,0.170960794,,,Product Highlight Sheet (2026-05-08): https://api.fundinfo.com/document/c3f8a4fb5ce2182828528c5d7dc4812a_285063/PHS_SG_en_SGXC35358685_YES_2026-05-08.pdf?apiKey=3829b15d-4921-4ea7-9faa-fb1fba132ca7 Prospectus (2026-05-08): https://api.fundinfo.com/document/209a3874b3a2cb0e4d06dc1319507f51_1820677/PR_SG_en_SGXC35358685_YES_2026-05-08.pdf?apiKey=3829b15d-4921-4ea7-9faa-fb1fba132ca7 Semi-annual Report (2024-06-30): https://api.fundinfo.com/document/56b14697fa90505ad31e3caeb7335be4_509070/SAR_SG_en_SGXC35358685_YES_2024-06-30.pdf?apiKey=3829b15d-4921-4ea7-9faa-fb1fba132ca7 ,CSOP Asset Management Pte. Ltd.,-1.53,-2.34,10.05,9.99,1.93,REITs,Singapore,Distributing,No,PASSIVE,No,EIP,0.001
SS SPDR S&P500 USD,S27,USD,S&P 500® Index,749.74,746.01,-0.405,0.12548986,,,Monthly Report (2026-05-31): https://api.fundinfo.com/document/48d71299b2cf489cc01d34f1ac25b1ad_110644/MR_SG_en_US78462F1030_YES_2026-05-31.pdf?apiKey=3829b15d-4921-4ea7-9faa-fb1fba132ca7 Product Highlight Sheet (2025-01-28): https://api.fundinfo.com/document/6961a3657c16de92197ed02419f0f70a_221618/PHS_SG_en_US78462F1030_YES_2025-01-28.pdf?apiKey=3829b15d-4921-4ea7-9faa-fb1fba132ca7 Annual Report (2024-09-30): https://api.fundinfo.com/document/d9ef838a020704b3c57f0caf02b03d86_603698/AR_SG_en_US78462F1030_YES_2024-09-30.pdf?apiKey=3829b15d-4921-4ea7-9faa-fb1fba132ca7 Semi-annual Report (2024-03-31): https://api.fundinfo.com/document/d184ad8527ec5638ecd0f663a711faba_175283/SAR_SG_en_US78462F1030_YES_2024-03-31.pdf?apiKey=3829b15d-4921-4ea7-9faa-fb1fba132ca7 Prospectus (2023-01-30): https://api.fundinfo.com/document/01e54f1b32c87eb21c048aa462ff8474_581898/PR_SG_en_US78462F1030_YES_2023-01-30.pdf?apiKey=3829b15d-4921-4ea7-9faa-fb1fba132ca7 ,State Street Investment Management,-0.08,9.87,24.44,24.44,21.37,Equities,USA,Distributing,No,PASSIVE,No,SIP,0.01
IS ASIA HYG US$,O9P,USD,Bloomberg Asia USD High Yield Diversified Credit Index,6.69,6.68,-0.149,0.11655025,,,Monthly Report (2026-05-31): https://api.fundinfo.com/document/f66acc3798d998e95ef22eace2ce2e44_254969/MR_SG_en_SG2D83975482_YES_2026-05-31.pdf?apiKey=3829b15d-4921-4ea7-9faa-fb1fba132ca7 Semi-annual Report (2024-06-30): https://api.fundinfo.com/document/06ac477e6919c2a6bfa27467cfea1520_626745/SAR_SG_en_SG2D83975482_YES_2024-06-30.pdf?apiKey=3829b15d-4921-4ea7-9faa-fb1fba132ca7 Prospectus (2022-06-24): https://api.fundinfo.com/document/500e07cb91a371ffe733b8e1b63bdb25_834223/PR_SG_en_SG2D83975482_YES_2022-06-24.pdf?apiKey=3829b15d-4921-4ea7-9faa-fb1fba132ca7 ,Black Rock Singapore (Ltd),0.44,0.81,9.01,9.01,9.3,Fixed Income,Asia,Distributing,No,PASSIVE,No,EIP,0.01
A Lion-Nomura Japan S$,JJJ,SGD,Topix Index,1.592,1.58,-0.94,0.10081128,,,Monthly Report (2026-04-30): https://api.fundinfo.com/document/106ab7ba095ffb30f2eaa986c985a4d9_173117/MR_SG_en_SGXC22115700_YES_2026-04-30.pdf?apiKey=3829b15d-4921-4ea7-9faa-fb1fba132ca7 Annual Report (2025-12-31): https://api.fundinfo.com/document/bb818dcd6beb38c6b9d7c0fd1451151a_829162/AR_SG_en_SGXC22115700_YES_2025-12-31.pdf?apiKey=3829b15d-4921-4ea7-9faa-fb1fba132ca7 Prospectus (2025-12-26): https://api.fundinfo.com/document/bc024ddf3f7a34f88e0cf3cacababd98_605204/PR_SG_en_SGXC22115700_YES_2025-12-26.pdf?apiKey=3829b15d-4921-4ea7-9faa-fb1fba132ca7 Semi-annual Report (2025-06-30): https://api.fundinfo.com/document/360a9ac86c823679385a87a072938ee8_353119/SAR_SG_en_SGXC22115700_YES_2025-06-30.pdf?apiKey=3829b15d-4921-4ea7-9faa-fb1fba132ca7 Product Highlight Sheet (2024-12-27): https://api.fundinfo.com/document/4ffb4a4a8b1b37f4e784ada68049d26e_112336/PHS_SG_en_SGXC22115700_YES_2024-12-27.pdf?apiKey=3829b15d-4921-4ea7-9faa-fb1fba132ca7 ,Lion Global Investors Limited,3.47,6.89,38.69,38.44,,Equities,Japan,Accumulating,No,ACTIVE,No,EIP,0.001
Lion SG Phy Gold S$,GLS,SGD,LBMA Gold Price AM,5.74,5.739,-0.017,0.098865381,,,,,,,,,,COMMODITIES,Singapore,NA,,PASSIVE,N,EIP,
CSOP iEdge SREIT ETF US$,SRU,USD,iEdge SREIT Leaders Index,0.577,0.578,0,0.08812766,,,Product Highlight Sheet (2026-05-08): https://api.fundinfo.com/document/c3f8a4fb5ce2182828528c5d7dc4812a_285063/PHS_SG_en_SGXC35358685_YES_2026-05-08.pdf?apiKey=3829b15d-4921-4ea7-9faa-fb1fba132ca7 Prospectus (2026-05-08): https://api.fundinfo.com/document/209a3874b3a2cb0e4d06dc1319507f51_1820677/PR_SG_en_SGXC35358685_YES_2026-05-08.pdf?apiKey=3829b15d-4921-4ea7-9faa-fb1fba132ca7 Semi-annual Report (2024-06-30): https://api.fundinfo.com/document/56b14697fa90505ad31e3caeb7335be4_509070/SAR_SG_en_SGXC35358685_YES_2024-06-30.pdf?apiKey=3829b15d-4921-4ea7-9faa-fb1fba132ca7 ,CSOP Asset Management Pte. Ltd.,-3.17,-3.28,9.65,9.59,3.46,REITs,Singapore,Distributing,No,PASSIVE,No,EIP,0.001
Lion-OSPL Low Carbon US$,ESU,USD,iEdge-OCBC Singapore Low Carbon Select 40 Capped Index,1.103,1.098,-0.543,0.0751703,,,Monthly Report (2026-04-30): https://api.fundinfo.com/document/788aa3d1ed9be18c31b8e09f15244e6a_171735/MR_SG_en_SGXC60641310_YES_2026-04-30.pdf?apiKey=3829b15d-4921-4ea7-9faa-fb1fba132ca7 Prospectus (2026-03-20): https://api.fundinfo.com/document/f7e6e0cf0266425c622aa99529c61528_898534/PR_SG_en_SGXC60641310_YES_2026-03-20.pdf?apiKey=3829b15d-4921-4ea7-9faa-fb1fba132ca7 Annual Report (2025-12-31): https://api.fundinfo.com/document/ca9e859373366c857873692d37b3b299_654008/AR_SG_en_SGXC60641310_YES_2025-12-31.pdf?apiKey=3829b15d-4921-4ea7-9faa-fb1fba132ca7 Semi-annual Report (2025-06-30): https://api.fundinfo.com/document/c0f90c0017c59132c7d776ecb05dd741_216990/SAR_SG_en_SGXC60641310_YES_2025-06-30.pdf?apiKey=3829b15d-4921-4ea7-9faa-fb1fba132ca7 Product Highlight Sheet (2025-03-21): https://api.fundinfo.com/document/f41945e869889f8e14bcbdf00d95e9f7_88044/PHS_SG_en_SGXC60641310_YES_2025-03-21.pdf?apiKey=3829b15d-4921-4ea7-9faa-fb1fba132ca7 ,Lion Global Investors Limited,-1.1,2.28,17.79,17.79,19.51,Equities,Singapore,Distributing,Yes,PASSIVE,No,EIP,0.001
XT MSCHINA S$,TID,SGD,MSCI China TR Net Daily USD Index,22.55,23,2.222,0.07166343,,,Prospectus (2026-06-18): https://api.fundinfo.com/document/524b6958a32c40db4e7bcd7570f4a7b0_4365618/PR_SG_en_LU0514695690_YES_2026-06-18.pdf?apiKey=3829b15d-4921-4ea7-9faa-fb1fba132ca7 Product Highlight Sheet (2026-06-18): https://api.fundinfo.com/document/3be26b936fdaeea2c6931798da1944f3_63051/PHS_SG_en_LU0514695690_YES_2026-06-18.pdf?apiKey=3829b15d-4921-4ea7-9faa-fb1fba132ca7 Annual Report (2025-12-31): https://api.fundinfo.com/document/b19b04bab7cd60922c0d96d7b2e2f774_3608253/AR_SG_en_LU0514695690_YES_2025-12-31.pdf?apiKey=3829b15d-4921-4ea7-9faa-fb1fba132ca7 Semi-annual Report (2025-06-30): https://api.fundinfo.com/document/8d845f18dc319ce0fde262920a164de6_1349897/SAR_SG_en_LU0514695690_YES_2025-06-30.pdf?apiKey=3829b15d-4921-4ea7-9faa-fb1fba132ca7 ,DWS Investments,-4.23,-3.5,3.17,3.17,7.76,Equities,China,Accumulating,No,PASSIVE,No,EIP,0.01
IS INDIA CLIMATE S$D,QK9,SGD,MSCI India ESG Enhanced Focus CTB Select Index,16.48,16.25,-1.396,0.06701076,,,Monthly Report (2026-05-31): https://api.fundinfo.com/document/709f7c781bf9477d5bbc42688cc05233_239182/MR_SG_en_SG1T41930465_YES_2026-05-31.pdf?apiKey=3829b15d-4921-4ea7-9faa-fb1fba132ca7 Annual Report (2024-12-31): https://api.fundinfo.com/document/70e705441f4f69c0f6e9cdaf8999219e_644804/AR_SG_en_SG1T41930465_YES_2024-12-31.pdf?apiKey=3829b15d-4921-4ea7-9faa-fb1fba132ca7 Semi-annual Report (2024-06-30): https://api.fundinfo.com/document/06ac477e6919c2a6bfa27467cfea1520_626745/SAR_SG_en_SG1T41930465_YES_2024-06-30.pdf?apiKey=3829b15d-4921-4ea7-9faa-fb1fba132ca7 Prospectus (2023-03-06): https://api.fundinfo.com/document/af8882ad8b9a7d6657eac12f794ece47_1274868/PR_SG_en_SG1T41930465_YES_2023-03-06.pdf?apiKey=3829b15d-4921-4ea7-9faa-fb1fba132ca7 ,Black Rock Singapore (Ltd),,,,,,Equities,India,Accumulating,Yes,PASSIVE,No,EIP,0.01
Lion-OSPL APAC Fin S$,YLD,SGD,iEdge APAC Financials Dividend Plus Index,1.467,1.484,1.159,0.06515842,,,Monthly Report (2026-04-30): https://api.fundinfo.com/document/bc267b0eda95edfe4bdd66d2205c71d4_200145/MR_SG_en_SGXC10762612_YES_2026-04-30.pdf?apiKey=3829b15d-4921-4ea7-9faa-fb1fba132ca7 Prospectus (2026-03-20): https://api.fundinfo.com/document/0a8b412f4d979cd67b80afe0e198f582_711030/PR_SG_en_SGXC10762612_YES_2026-03-20.pdf?apiKey=3829b15d-4921-4ea7-9faa-fb1fba132ca7 Annual Report (2025-12-31): https://api.fundinfo.com/document/7389663c1b32f99d05a07871ebdb7ea2_685846/AR_SG_en_SGXC10762612_YES_2025-12-31.pdf?apiKey=3829b15d-4921-4ea7-9faa-fb1fba132ca7 Semi-annual Report (2025-06-30): https://api.fundinfo.com/document/5151daac5e7a2a8b2fb65533ab7ff596_173521/SAR_SG_en_SGXC10762612_YES_2025-06-30.pdf?apiKey=3829b15d-4921-4ea7-9faa-fb1fba132ca7 Product Highlight Sheet (2025-03-21): https://api.fundinfo.com/document/44dbd3c35e214ac45cbcf488a8718cda_105931/PHS_SG_en_SGXC10762612_YES_2025-03-21.pdf?apiKey=3829b15d-4921-4ea7-9faa-fb1fba132ca7 ,Lion Global Investors Limited,-2.04,-1.14,16.5,16.4,,Equities,Asia Pacific,Distributing,No,PASSIVE,No,EIP,0.001
PHILLIP MM S$,MMS,SGD,FTSE SGD 3-month SOR Index,103.39,103.414,0.004,0.063323238,,,Monthly Report (2026-05-29): https://api.fundinfo.com/document/95a4ebbf5f36f407bf0b41a51f35afcc_525896/MR_SG_en_SGXC85914460_YES_2026-05-29.pdf?apiKey=3829b15d-4921-4ea7-9faa-fb1fba132ca7 Annual Report (2025-12-31): https://api.fundinfo.com/document/48c2c48b96c7e5f15d61fc4e7d11e161_839182/AR_SG_en_SGXC85914460_YES_2025-12-31.pdf?apiKey=3829b15d-4921-4ea7-9faa-fb1fba132ca7 Semi-annual Report (2025-06-30): https://api.fundinfo.com/document/e251bb23e19866cd91c96920f15c56df_551398/SAR_SG_en_SGXC85914460_YES_2025-06-30.pdf?apiKey=3829b15d-4921-4ea7-9faa-fb1fba132ca7 Prospectus (2024-09-18): https://api.fundinfo.com/document/642f6e30d455f9f92516cd3846ebb299_1038557/PR_SG_en_SGXC85914460_YES_2024-09-18.pdf?apiKey=3829b15d-4921-4ea7-9faa-fb1fba132ca7 Product Highlight Sheet (2024-09-18): https://api.fundinfo.com/document/3a7dda51a54d0e0eb06dbe6fe9e4ff19_191152/PHS_SG_en_SGXC85914460_YES_2024-09-18.pdf?apiKey=3829b15d-4921-4ea7-9faa-fb1fba132ca7 ,Phillip Capital Management (S) Ltd,0.08,0.27,1.45,1.45,2.33,Fixed Income,Singapore,Distributing,No,PASSIVE,No,EIP,0.001
A Lion-Nomura Japan US$,JUS,USD,Topix Index,1.23,1.238,0.406,0.055091,,,Monthly Report (2026-04-30): https://api.fundinfo.com/document/106ab7ba095ffb30f2eaa986c985a4d9_173117/MR_SG_en_SGXC22115700_YES_2026-04-30.pdf?apiKey=3829b15d-4921-4ea7-9faa-fb1fba132ca7 Annual Report (2025-12-31): https://api.fundinfo.com/document/bb818dcd6beb38c6b9d7c0fd1451151a_829162/AR_SG_en_SGXC22115700_YES_2025-12-31.pdf?apiKey=3829b15d-4921-4ea7-9faa-fb1fba132ca7 Prospectus (2025-12-26): https://api.fundinfo.com/document/bc024ddf3f7a34f88e0cf3cacababd98_605204/PR_SG_en_SGXC22115700_YES_2025-12-26.pdf?apiKey=3829b15d-4921-4ea7-9faa-fb1fba132ca7 Semi-annual Report (2025-06-30): https://api.fundinfo.com/document/360a9ac86c823679385a87a072938ee8_353119/SAR_SG_en_SGXC22115700_YES_2025-06-30.pdf?apiKey=3829b15d-4921-4ea7-9faa-fb1fba132ca7 Product Highlight Sheet (2024-12-27): https://api.fundinfo.com/document/4ffb4a4a8b1b37f4e784ada68049d26e_112336/PHS_SG_en_SGXC22115700_YES_2024-12-27.pdf?apiKey=3829b15d-4921-4ea7-9faa-fb1fba132ca7 ,Lion Global Investors Limited,1.65,9.76,36.52,36.29,,Equities,Japan,Accumulating,No,ACTIVE,No,EIP,0.001
IS ASIA HYG S$D,QL3,SGD,Bloomberg Asia USD High Yield Diversified Credit Index,8.66,8.66,0.116,0.04906591,,,Monthly Report (2026-05-31): https://api.fundinfo.com/document/f66acc3798d998e95ef22eace2ce2e44_254969/MR_SG_en_SG2D83975482_YES_2026-05-31.pdf?apiKey=3829b15d-4921-4ea7-9faa-fb1fba132ca7 Semi-annual Report (2024-06-30): https://api.fundinfo.com/document/06ac477e6919c2a6bfa27467cfea1520_626745/SAR_SG_en_SG2D83975482_YES_2024-06-30.pdf?apiKey=3829b15d-4921-4ea7-9faa-fb1fba132ca7 Prospectus (2022-06-24): https://api.fundinfo.com/document/500e07cb91a371ffe733b8e1b63bdb25_834223/PR_SG_en_SG2D83975482_YES_2022-06-24.pdf?apiKey=3829b15d-4921-4ea7-9faa-fb1fba132ca7 ,Black Rock Singapore (Ltd),,,,,,Fixed Income,Asia,Distributing,No,PASSIVE,No,EIP,0.01
CSOP Star&Chinext50 S$,SCY,SGD,CSI STAR and ChiNext 50 Index,1.92,1.963,1.763,0.047189313,,,Product Highlight Sheet (2026-05-08): https://api.fundinfo.com/document/0e6cbdd900f9ba07316ac5d62e5baef1_301666/PHS_SG_en_SGXC15225995_YES_2026-05-08.pdf?apiKey=3829b15d-4921-4ea7-9faa-fb1fba132ca7 Prospectus (2026-05-08): https://api.fundinfo.com/document/209a3874b3a2cb0e4d06dc1319507f51_1820677/PR_SG_en_SGXC15225995_YES_2026-05-08.pdf?apiKey=3829b15d-4921-4ea7-9faa-fb1fba132ca7 Semi-annual Report (2024-06-30): https://api.fundinfo.com/document/56b14697fa90505ad31e3caeb7335be4_509070/SAR_SG_en_SGXC15225995_YES_2024-06-30.pdf?apiKey=3829b15d-4921-4ea7-9faa-fb1fba132ca7 ,CSOP Asset Management Pte. Ltd.,,,,,,Equities,China,Accumulating,No,PASSIVE,No,EIP,0.001
PHIL-CU MS CHINA A50 S$,MCN,SGD,MSCI China A 50 Connect Index,1.524,1.534,0.788,0.036527824,,,Monthly Report (2026-05-31): https://api.fundinfo.com/document/f15f69d58d613dc9fdc7fae92059557f_525808/MR_SG_en_SGXC55887332_YES_2026-05-31.pdf?apiKey=3829b15d-4921-4ea7-9faa-fb1fba132ca7 Annual Report (2026-03-31): https://api.fundinfo.com/document/a5b179b7f5ed209f3b58366beb0b708b_516732/AR_SG_en_SGXC55887332_YES_2026-03-31.pdf?apiKey=3829b15d-4921-4ea7-9faa-fb1fba132ca7 Product Highlight Sheet (2026-02-20): https://api.fundinfo.com/document/36636ebf5f71427e2510804a42125809_170450/PHS_SG_en_SGXC55887332_YES_2026-02-20.pdf?apiKey=3829b15d-4921-4ea7-9faa-fb1fba132ca7 Prospectus (2026-02-20): https://api.fundinfo.com/document/3461e8f6aa5470ea359d51d0e6227171_1101905/PR_SG_en_SGXC55887332_YES_2026-02-20.pdf?apiKey=3829b15d-4921-4ea7-9faa-fb1fba132ca7 Semi-annual Report (2024-09-30): https://api.fundinfo.com/document/8a71892cc91243ce245593cdcd94373f_200754/SAR_SG_en_SGXC55887332_YES_2024-09-30.pdf?apiKey=3829b15d-4921-4ea7-9faa-fb1fba132ca7 ,Phillip Capital Management (S) Ltd,2.63,13.37,44.98,44.69,,Equities,China,Accumulating,No,PASSIVE,No,EIP,0.001
Amova-STC CN EV S$,EVS,SGD,MSCI China All Shares IMI Future Mobility Top 50 Index,0.625,0.608,-2.72,0.029614,,,Prospectus (2026-06-30): https://api.fundinfo.com/document/50fb3b85940f7f0383f822d038df190c_1242637/PR_SG_en_SGXC85425921_YES_2026-06-30.pdf?apiKey=3829b15d-4921-4ea7-9faa-fb1fba132ca7 Product Highlight Sheet (2026-06-30): https://api.fundinfo.com/document/efc865b574115045d0fdb4b097810126_260536/PHS_SG_en_SGXC85425921_YES_2026-06-30.pdf?apiKey=3829b15d-4921-4ea7-9faa-fb1fba132ca7 Monthly Report (2026-05-31): https://api.fundinfo.com/document/77de77634e89f324896caa6a99382b38_221443/MR_SG_en_SGXC85425921_YES_2026-05-31.pdf?apiKey=3829b15d-4921-4ea7-9faa-fb1fba132ca7 Annual Report (2025-12-31): https://api.fundinfo.com/document/8f6f17d55e61fce17eabcbdffe9ddf29_5425678/AR_SG_en_SGXC85425921_YES_2025-12-31.pdf?apiKey=3829b15d-4921-4ea7-9faa-fb1fba132ca7 Semi-annual Report (2025-06-30): https://api.fundinfo.com/document/665ea10344f8a30788c53ad38a79ba0c_2641388/SAR_SG_en_SGXC85425921_YES_2025-06-30.pdf?apiKey=3829b15d-4921-4ea7-9faa-fb1fba132ca7 ,Amova Asset Management Asia Limited,-8.99,0.65,39.3,39.3,7.5,Equities,China,Accumulating,Yes,PASSIVE,No,EIP,0.001
Lion SG Phy Gold US$,GLU,USD,LBMA Gold Price AM,4.44,4.418,-0.495,0.0251826,,,,,,,,,,COMMODITIES,Singapore,NA,,PASSIVE,N,EIP,
Lion-OSPL China L S$,YYY,SGD,Hang Seng Stock Connect China 80 Index,1.726,1.768,2.612,0.024203759,,,Prospectus (2026-06-26): https://api.fundinfo.com/document/0ee3b303a8e9fc0f106bb04b54af21ee_730773/PR_SG_en_SGXC42834322_YES_2026-06-26.pdf?apiKey=3829b15d-4921-4ea7-9faa-fb1fba132ca7 Monthly Report (2026-04-30): https://api.fundinfo.com/document/ab71a292a7378558717808575891df83_207640/MR_SG_en_SGXC42834322_YES_2026-04-30.pdf?apiKey=3829b15d-4921-4ea7-9faa-fb1fba132ca7 Annual Report (2025-12-31): https://api.fundinfo.com/document/e5566b575755c74c09ff026fc543e2d6_669991/AR_SG_en_SGXC42834322_YES_2025-12-31.pdf?apiKey=3829b15d-4921-4ea7-9faa-fb1fba132ca7 Semi-annual Report (2025-06-30): https://api.fundinfo.com/document/9689904719c9cce0c08b7deaf33ccdf0_205689/SAR_SG_en_SGXC42834322_YES_2025-06-30.pdf?apiKey=3829b15d-4921-4ea7-9faa-fb1fba132ca7 ,Lion Global Investors Limited,-1.91,-2.17,10.9,10.9,9.79,Equities,China,Distributing,No,PASSIVE,No,EIP,0.001
UOBAM FTSE CN A50 S$,JK8,SGD,FTSE China A50 Index,2.507,2.54,1.236,0.02290246,,,Product Highlight Sheet (2026-03-23): https://api.fundinfo.com/document/928213b78323633700a1a9708b128586_264655/PHS_SG_en_SG1Y89950071_YES_2026-03-23.pdf?apiKey=3829b15d-4921-4ea7-9faa-fb1fba132ca7 Prospectus (2026-03-23): https://api.fundinfo.com/document/db3d0d77e6d023eb1a5ee4359a2c83b5_699627/PR_SG_en_SG1Y89950071_YES_2026-03-23.pdf?apiKey=3829b15d-4921-4ea7-9faa-fb1fba132ca7 Annual Report (2024-06-30): https://api.fundinfo.com/document/da3f52e81cf1216c37108dc84a5c2c30_140080/AR_SG_en_SG1Y89950071_YES_2024-06-30.pdf?apiKey=3829b15d-4921-4ea7-9faa-fb1fba132ca7 ,UOB Asset Management,,,,,,Equities,China,Distributing,No,PASSIVE,No,EIP,0.001
AmovaEFund ChiNext S$,CXT,SGD,ChiNext Index,1.753,1.73,-1.143,0.02235007,,,,Amova Asset Management Asia Limited,,,,,,Equities,China,Accumulating,No,PASSIVE,No,EIP,0.001
Amundi EM Mkt Sw US$,H1N,USD,MSCI Emerging Market Net Total Return Index,21.58,21.62,-0.323,0.02152162,,,Monthly Report (2026-06-30): https://api.fundinfo.com/document/a651c6f7b7ae1bb1802628edd7002fff_428743/MR_SG_en_FR0010435297_YES_2026-06-30.pdf?apiKey=3829b15d-4921-4ea7-9faa-fb1fba132ca7 ,Amundi Asset Management,0.52,15.09,47.48,47.48,22.41,Equities,Emerging Markets,Accumulating,No,PASSIVE,No,SIP,0.01
CF VN 30 SC ETF SG$,VNM,SGD,iEdge Vietnam 30 Sector Cap USD Index (NTR),1.74,1.733,-1.646,0.013798146,,,,CGS International,-4.81,1.75,34.78,34.56,,Equities,Vietnam,Accumulating,No,PASSIVE,No,EIP,0.001
ISHARES AXJCLIMATE S$,ICM,SGD,MSCI AC Asia ex Japan Climate Action Index,1.967,1.957,-0.306,0.009806763,,,Monthly Report (2026-05-31): https://api.fundinfo.com/document/6994d76bab8a680893a4ed09bf12d331_203054/MR_SG_en_SGXC39575946_YES_2026-05-31.pdf?apiKey=3829b15d-4921-4ea7-9faa-fb1fba132ca7 Semi-annual Report (2024-06-30): https://api.fundinfo.com/document/06ac477e6919c2a6bfa27467cfea1520_626745/SAR_SG_en_SGXC39575946_YES_2024-06-30.pdf?apiKey=3829b15d-4921-4ea7-9faa-fb1fba132ca7 ,Black Rock Singapore (Ltd),,,,,,Equities,Asia,Distributing,Yes,PASSIVE,No,EIP,0.001
PHIL SING INC,OVQ,SGD,Morningstar® Singapore Yield Focus Index,1.575,1.585,0.571,0.00681435,,,Monthly Report (2026-04-30): https://api.fundinfo.com/document/4014b14c448bc6749f93576b5f53c927_563659/MR_SG_en_SGXC25065050_YES_2026-04-30.pdf?apiKey=3829b15d-4921-4ea7-9faa-fb1fba132ca7 Annual Report (2025-12-31): https://api.fundinfo.com/document/48c2c48b96c7e5f15d61fc4e7d11e161_839182/AR_SG_en_SGXC25065050_YES_2025-12-31.pdf?apiKey=3829b15d-4921-4ea7-9faa-fb1fba132ca7 Semi-annual Report (2025-06-30): https://api.fundinfo.com/document/e251bb23e19866cd91c96920f15c56df_551398/SAR_SG_en_SGXC25065050_YES_2025-06-30.pdf?apiKey=3829b15d-4921-4ea7-9faa-fb1fba132ca7 Product Highlight Sheet (2024-09-18): https://api.fundinfo.com/document/33e53bc44b793b7889a37798a7ac283c_192723/PHS_SG_en_SGXC25065050_YES_2024-09-18.pdf?apiKey=3829b15d-4921-4ea7-9faa-fb1fba132ca7 Prospectus (2024-09-18): https://api.fundinfo.com/document/642f6e30d455f9f92516cd3846ebb299_1038557/PR_SG_en_SGXC25065050_YES_2024-09-18.pdf?apiKey=3829b15d-4921-4ea7-9faa-fb1fba132ca7 ,Phillip Capital Management (S) Ltd,0.87,6.25,24.39,24.39,19.39,Equities,Singapore,Distributing,No,PASSIVE,No,EIP,0.001
CSOP CS A500 ETF S$,SUN,SGD,CSI A500 Index,1.028,1.03,0,0.005562,,,,CSOP Asset Management Pte. Ltd.,,,,,,Equities,China,Distributing,No,PASSIVE,No,EIP,0.001
SS SPDR DJIA USD,D07,USD,Dow Jones Industrial AverageSM (DJIASM) Index,531.86,530.64,-0.267,0.0053064,,,Monthly Report (2026-05-31): https://api.fundinfo.com/document/03ca8c3bfba13699f555ff1bfb55649e_112096/MR_SG_en_US78467X1090_YES_2026-05-31.pdf?apiKey=3829b15d-4921-4ea7-9faa-fb1fba132ca7 Product Highlight Sheet (2026-02-25): https://api.fundinfo.com/document/ae1f54df40b9e49e998873b978656b17_175210/PHS_SG_en_US78467X1090_YES_2026-02-25.pdf?apiKey=3829b15d-4921-4ea7-9faa-fb1fba132ca7 Annual Report (2024-10-31): https://api.fundinfo.com/document/299969934f32684b998cc415228eeee9_199403/AR_SG_en_US78467X1090_YES_2024-10-31.pdf?apiKey=3829b15d-4921-4ea7-9faa-fb1fba132ca7 Semi-annual Report (2024-04-30): https://api.fundinfo.com/document/7b460ceba9ce78ebe03595786e7735eb_126671/SAR_SG_en_US78467X1090_YES_2024-04-30.pdf?apiKey=3829b15d-4921-4ea7-9faa-fb1fba132ca7 Prospectus (2023-03-01): https://api.fundinfo.com/document/628273836f949ea5e3755b8dc4dcb635_632247/PR_SG_en_US78467X1090_YES_2023-03-01.pdf?apiKey=3829b15d-4921-4ea7-9faa-fb1fba132ca7 ,State Street Investment Management,2.77,7.53,20.78,20.78,16.52,Equities,USA,Distributing,No,PASSIVE,No,SIP,0.01
UOB AP GRN REIT S$,GRN,SGD,iEdge-UOB APAC Yield Focus Green REIT Index,0.702,0.702,-0.426,0.002457,,,Semi-annual Report (2025-12-31): https://api.fundinfo.com/document/0371f5079c681f96f0821eb14bf03254_80132/SAR_SG_en_SGXC32426998_YES_2025-12-31.pdf?apiKey=3829b15d-4921-4ea7-9faa-fb1fba132ca7 Product Highlight Sheet (2025-09-25): https://api.fundinfo.com/document/01e0da9df68acc0769d61acb4de52706_248532/PHS_SG_en_SGXC32426998_YES_2025-09-25.pdf?apiKey=3829b15d-4921-4ea7-9faa-fb1fba132ca7 Prospectus (2025-09-01): https://api.fundinfo.com/document/ee802eb1a082fafe0ea2d1d28e82af20_754056/PR_SG_en_SGXC32426998_YES_2025-09-01.pdf?apiKey=3829b15d-4921-4ea7-9faa-fb1fba132ca7 Annual Report (2025-06-30): https://api.fundinfo.com/document/5c36a5fbace5f8fe5ed0b705f39c8502_158735/AR_SG_en_SGXC32426998_YES_2025-06-30.pdf?apiKey=3829b15d-4921-4ea7-9faa-fb1fba132ca7 ,UOB Asset Management,-3.15,-5.2,0.39,0.39,1.38,REITs,Asia Pacific,Distributing,Yes,PASSIVE,No,EIP,0.001
IS ASIA BND S$D,QL2,SGD,J.P. Morgan Asia Credit Index - Core,12.73,12.78,0.314,0.00209918,,,Monthly Report (2026-05-31): https://api.fundinfo.com/document/35a9d6bfeb6ad44e1019c72929f12635_267988/MR_SG_en_SG2D32970329_YES_2026-05-31.pdf?apiKey=3829b15d-4921-4ea7-9faa-fb1fba132ca7 Product Highlight Sheet (2025-06-12): https://api.fundinfo.com/document/5d35048bce3fddcd333d3d8a200ef5b4_185376/PHS_SG_en_SG2D32970329_YES_2025-06-12.pdf?apiKey=3829b15d-4921-4ea7-9faa-fb1fba132ca7 Annual Report (2024-12-31): https://api.fundinfo.com/document/70e705441f4f69c0f6e9cdaf8999219e_644804/AR_SG_en_SG2D32970329_YES_2024-12-31.pdf?apiKey=3829b15d-4921-4ea7-9faa-fb1fba132ca7 Semi-annual Report (2024-06-30): https://api.fundinfo.com/document/06ac477e6919c2a6bfa27467cfea1520_626745/SAR_SG_en_SG2D32970329_YES_2024-06-30.pdf?apiKey=3829b15d-4921-4ea7-9faa-fb1fba132ca7 Prospectus (2022-06-24): https://api.fundinfo.com/document/500e07cb91a371ffe733b8e1b63bdb25_834223/PR_SG_en_SG2D32970329_YES_2022-06-24.pdf?apiKey=3829b15d-4921-4ea7-9faa-fb1fba132ca7 ,Black Rock Singapore (Ltd),,,,,,Fixed Income,Asia,Distributing,No,PASSIVE,No,EIP,0.01
UOBAM PINGAN CHINEXT S$,CXS,SGD,ChiNext Index,1.306,1.289,-0.386,0.00021955,,,Semi-annual Report (2025-12-31): https://api.fundinfo.com/document/c94cb8cea02d5bcc443a940a2d18ca35_79844/SAR_SG_en_SGXC54700155_YES_2025-12-31.pdf?apiKey=3829b15d-4921-4ea7-9faa-fb1fba132ca7 Product Highlight Sheet (2025-12-11): https://api.fundinfo.com/document/15c24f8e327d998cebe9fa9a48272cc7_251372/PHS_SG_en_SGXC54700155_YES_2025-12-11.pdf?apiKey=3829b15d-4921-4ea7-9faa-fb1fba132ca7 Prospectus (2025-12-11): https://api.fundinfo.com/document/404d321c04fbaf6be354f9b83a8999bd_753660/PR_SG_en_SGXC54700155_YES_2025-12-11.pdf?apiKey=3829b15d-4921-4ea7-9faa-fb1fba132ca7 Annual Report (2025-06-30): https://api.fundinfo.com/document/9eb90285e91aff62ecbd0de28b9b95ac_152930/AR_SG_en_SGXC54700155_YES_2025-06-30.pdf?apiKey=3829b15d-4921-4ea7-9faa-fb1fba132ca7 ,UOB Asset Management,1.9,19.2,84.78,84.16,16.24,Equities,China,Accumulating,No,PASSIVE,No,EIP,0.001
XT MS SING US$,O9A,USD,MSCI Singapore Investable Market Total Return Net Index,2.581,2.599,3.587,0.00012995,,,Product Highlight Sheet (2026-06-18): https://api.fundinfo.com/document/259998e593572961d6ba4ce7fd21fd0c_56641/PHS_SG_en_LU0659578842_YES_2026-06-18.pdf?apiKey=3829b15d-4921-4ea7-9faa-fb1fba132ca7 Prospectus (2026-06-18): https://api.fundinfo.com/document/524b6958a32c40db4e7bcd7570f4a7b0_4365618/PR_SG_en_LU0659578842_YES_2026-06-18.pdf?apiKey=3829b15d-4921-4ea7-9faa-fb1fba132ca7 Annual Report (2025-12-31): https://api.fundinfo.com/document/b19b04bab7cd60922c0d96d7b2e2f774_3608253/AR_SG_en_LU0659578842_YES_2025-12-31.pdf?apiKey=3829b15d-4921-4ea7-9faa-fb1fba132ca7 Semi-annual Report (2025-06-30): https://api.fundinfo.com/document/8d845f18dc319ce0fde262920a164de6_1349897/SAR_SG_en_LU0659578842_YES_2025-06-30.pdf?apiKey=3829b15d-4921-4ea7-9faa-fb1fba132ca7 ,DWS Investments,0.92,4.89,16.44,16.44,20.62,Equities,Singapore,Accumulating,No,PASSIVE,No,EIP,0.001
Lion-CM CSI Div S$,INC,SGD,CSI Dividend Index,0.995,0.998,-0.795,0.0000998,,,,Lion Global Investors Limited,0.76,-0.19,9.78,9.78,,Equities,China,Distributing,No,PASSIVE,No,EIP,0.001
PHIL AP DIV REIT US$,BYI,USD,iEdge APAC ex Japan Dividend Leaders REIT Index,0.865,0.865,0.581,0.0000865,,,,Phillip Capital Management (S) Ltd,,,,,,REITs,Asia Pacific,Distributing,No,PASSIVE,No,EIP,0.001
Amova-ICBCSG CNB CNY,ZHY,CNH,ChinaBond ICBC 1-10 Year Treasury and Policy Bank Bond Index,6.12,6.1,0,0,,,Monthly Report (2026-05-31): https://api.fundinfo.com/document/902cbce03a65dbf2b527e2aa7f872eb9_255643/MR_SG_en_SGXC29409643_YES_2026-05-31.pdf?apiKey=3829b15d-4921-4ea7-9faa-fb1fba132ca7 Annual Report (2025-12-31): https://api.fundinfo.com/document/570daa3727e371337a626c6efa51b328_5613003/AR_SG_en_SGXC29409643_YES_2025-12-31.pdf?apiKey=3829b15d-4921-4ea7-9faa-fb1fba132ca7 Product Highlight Sheet (2025-09-18): https://api.fundinfo.com/document/507cc40fae0d43b85c21bbab5accfeb8_246026/PHS_SG_en_SGXC29409643_YES_2025-09-18.pdf?apiKey=3829b15d-4921-4ea7-9faa-fb1fba132ca7 Prospectus (2025-09-18): https://api.fundinfo.com/document/8ed0b5d7d316b14b14dd64e4726fe6b9_1190395/PR_SG_en_SGXC29409643_YES_2025-09-18.pdf?apiKey=3829b15d-4921-4ea7-9faa-fb1fba132ca7 Semi-annual Report (2025-06-30): https://api.fundinfo.com/document/f301c85fc01b4c94d77eda1fd47899e2_2342755/SAR_SG_en_SGXC29409643_YES_2025-06-30.pdf?apiKey=3829b15d-4921-4ea7-9faa-fb1fba132ca7 ,Amova Asset Management Asia Limited,,,,,,Fixed Income,China,Accumulating,No,PASSIVE,No,EIP,0.01
Amova-ICBCSG CNB S$,ZHS,SGD,ChinaBond ICBC 1-10 Year Treasury and Policy Bank Bond Index,0.98,0.979,0,0,,,Monthly Report (2026-05-31): https://api.fundinfo.com/document/902cbce03a65dbf2b527e2aa7f872eb9_255643/MR_SG_en_SGXC30096447_YES_2026-05-31.pdf?apiKey=3829b15d-4921-4ea7-9faa-fb1fba132ca7 Annual Report (2025-12-31): https://api.fundinfo.com/document/570daa3727e371337a626c6efa51b328_5613003/AR_SG_en_SGXC30096447_YES_2025-12-31.pdf?apiKey=3829b15d-4921-4ea7-9faa-fb1fba132ca7 Product Highlight Sheet (2025-09-18): https://api.fundinfo.com/document/507cc40fae0d43b85c21bbab5accfeb8_246026/PHS_SG_en_SGXC30096447_YES_2025-09-18.pdf?apiKey=3829b15d-4921-4ea7-9faa-fb1fba132ca7 Prospectus (2025-09-18): https://api.fundinfo.com/document/8ed0b5d7d316b14b14dd64e4726fe6b9_1190395/PR_SG_en_SGXC30096447_YES_2025-09-18.pdf?apiKey=3829b15d-4921-4ea7-9faa-fb1fba132ca7 Semi-annual Report (2025-06-30): https://api.fundinfo.com/document/f301c85fc01b4c94d77eda1fd47899e2_2342755/SAR_SG_en_SGXC30096447_YES_2025-06-30.pdf?apiKey=3829b15d-4921-4ea7-9faa-fb1fba132ca7 ,Amova Asset Management Asia Limited,2.39,3.66,8.01,7.97,3.39,Fixed Income,China,Distributing,No,PASSIVE,No,EIP,0.001
Amova-ICBCSG CNB US$,ZHD,USD,ChinaBond ICBC 1-10 Year Treasury and Policy Bank Bond Index,0.899,0.83,0,0,,,Monthly Report (2026-05-31): https://api.fundinfo.com/document/902cbce03a65dbf2b527e2aa7f872eb9_255643/MR_SG_en_SGXC29409643_YES_2026-05-31.pdf?apiKey=3829b15d-4921-4ea7-9faa-fb1fba132ca7 Annual Report (2025-12-31): https://api.fundinfo.com/document/570daa3727e371337a626c6efa51b328_5613003/AR_SG_en_SGXC29409643_YES_2025-12-31.pdf?apiKey=3829b15d-4921-4ea7-9faa-fb1fba132ca7 Product Highlight Sheet (2025-09-18): https://api.fundinfo.com/document/507cc40fae0d43b85c21bbab5accfeb8_246026/PHS_SG_en_SGXC29409643_YES_2025-09-18.pdf?apiKey=3829b15d-4921-4ea7-9faa-fb1fba132ca7 Prospectus (2025-09-18): https://api.fundinfo.com/document/8ed0b5d7d316b14b14dd64e4726fe6b9_1190395/PR_SG_en_SGXC29409643_YES_2025-09-18.pdf?apiKey=3829b15d-4921-4ea7-9faa-fb1fba132ca7 Semi-annual Report (2025-06-30): https://api.fundinfo.com/document/f301c85fc01b4c94d77eda1fd47899e2_2342755/SAR_SG_en_SGXC29409643_YES_2025-06-30.pdf?apiKey=3829b15d-4921-4ea7-9faa-fb1fba132ca7 ,Amova Asset Management Asia Limited,,,,,,Fixed Income,China,Accumulating,No,PASSIVE,No,EIP,0.001
Amova-STC A_REIT US$,COI,USD,FTSE EPRA/NAREIT Asia ex Japan Net Total Return REIT Index,0.608,0.608,0,0,,,Monthly Report (2026-05-31): https://api.fundinfo.com/document/85d1e94f86b2f08569b0ae579db268aa_244231/MR_SG_en_SG1DE9000003_YES_2026-05-31.pdf?apiKey=3829b15d-4921-4ea7-9faa-fb1fba132ca7 Semi-annual Report (2025-12-31): https://api.fundinfo.com/document/445ae4d53c62c31f6bf3cdb1a1625e31_1297793/SAR_SG_en_SG1DE9000003_YES_2025-12-31.pdf?apiKey=3829b15d-4921-4ea7-9faa-fb1fba132ca7 Prospectus (2025-09-18): https://api.fundinfo.com/document/9d5c2540bf7b39a6ac617f1543c8cb55_1281788/PR_SG_en_SG1DE9000003_YES_2025-09-18.pdf?apiKey=3829b15d-4921-4ea7-9faa-fb1fba132ca7 Product Highlight Sheet (2025-09-18): https://api.fundinfo.com/document/f7fa10fc14a51d995319f895aeba1740_257852/PHS_SG_en_SG1DE9000003_YES_2025-09-18.pdf?apiKey=3829b15d-4921-4ea7-9faa-fb1fba132ca7 Annual Report (2025-06-30): https://api.fundinfo.com/document/9ff79ee159cc711a7c13eee36635eba2_1281187/AR_SG_en_SG1DE9000003_YES_2025-06-30.pdf?apiKey=3829b15d-4921-4ea7-9faa-fb1fba132ca7 ,Amova Asset Management Asia Limited,,,,,,REITs,Asia,Distributing,No,PASSIVE,Yes,EIP,0.001
Amova-STC CN EV US$,EVD,USD,MSCI China All Shares IMI Future Mobility Top 50 Index,0.479,0.493,0,0,,,Prospectus (2026-06-30): https://api.fundinfo.com/document/50fb3b85940f7f0383f822d038df190c_1242637/PR_SG_en_SGXC85425921_YES_2026-06-30.pdf?apiKey=3829b15d-4921-4ea7-9faa-fb1fba132ca7 Product Highlight Sheet (2026-06-30): https://api.fundinfo.com/document/efc865b574115045d0fdb4b097810126_260536/PHS_SG_en_SGXC85425921_YES_2026-06-30.pdf?apiKey=3829b15d-4921-4ea7-9faa-fb1fba132ca7 Monthly Report (2026-05-31): https://api.fundinfo.com/document/77de77634e89f324896caa6a99382b38_221443/MR_SG_en_SGXC85425921_YES_2026-05-31.pdf?apiKey=3829b15d-4921-4ea7-9faa-fb1fba132ca7 Annual Report (2025-12-31): https://api.fundinfo.com/document/8f6f17d55e61fce17eabcbdffe9ddf29_5425678/AR_SG_en_SGXC85425921_YES_2025-12-31.pdf?apiKey=3829b15d-4921-4ea7-9faa-fb1fba132ca7 Semi-annual Report (2025-06-30): https://api.fundinfo.com/document/665ea10344f8a30788c53ad38a79ba0c_2641388/SAR_SG_en_SGXC85425921_YES_2025-06-30.pdf?apiKey=3829b15d-4921-4ea7-9faa-fb1fba132ca7 ,Amova Asset Management Asia Limited,,,,,,Equities,China,Accumulating,Yes,PASSIVE,No,EIP,0.001
AmovaEFund ChiNext CNY,CXN,CNH,ChiNext Index,1.75,1.807,0,0,,,,Amova Asset Management Asia Limited,,,,,,Equities,China,Accumulating,No,PASSIVE,No,EIP,0.001
AmovaEFund ChiNext US$,CXO,USD,ChiNext Index,0.256,0.268,0,0,,,,Amova Asset Management Asia Limited,,,,,,Equities,China,Accumulating,No,PASSIVE,No,EIP,0.001
Amundi MSIndia Sw US$,G1N,USD,MSCI India Net Total Return Index,29.58,29.5,0,0,,,Monthly Report (2026-06-30): https://api.fundinfo.com/document/861537c76d51ae92e10cae6270141ffc_416493/MR_SG_en_FR0010375766_YES_2026-06-30.pdf?apiKey=3829b15d-4921-4ea7-9faa-fb1fba132ca7 Product Highlight Sheet (2024-05-02): https://api.fundinfo.com/document/253737e5385284ed68908bed486ab008_515335/PHS_SG_en_FR0010375766_YES_2024-05-02.pdf?apiKey=3829b15d-4921-4ea7-9faa-fb1fba132ca7 ,Amundi Asset Management,-3.69,-5.38,-14.32,-14.32,4.74,Equities,India,Accumulating,No,PASSIVE,No,SIP,0.01
CF VN 30 SC ETF US$,VND,USD,iEdge Vietnam 30 Sector Cap USD Index (NTR),1.347,1.336,0,0,,,,CGS International,-5.88,-1.81,35.59,35.37,,Equities,Vietnam,Accumulating,No,PASSIVE,No,EIP,0.001
CGS FG CSI1000 S$,GRO,SGD,CSI 1000 Index,1.843,1.967,0,0,,,,CGS International,5.31,6.74,49.6,49.28,,Equities,China,Distributing,No,PASSIVE,No,EIP,0.001
CGS FG CSI1000 US$,GRU,USD,CSI 1000 Index,1.426,1.483,0,0,,,,CGS International,0,0.79,46.54,46.24,,Equities,China,Distributing,No,PASSIVE,No,EIP,0.001
CSOP APAC SELECT S$,LCS,SGD,FTSE Asia Pacific Low Carbon Select Index,2.784,2.807,0,0,,,Product Highlight Sheet (2026-05-08): https://api.fundinfo.com/document/307ca0327d191ec682a023dfc291a14a_289162/PHS_SG_en_SGXC58537918_YES_2026-05-08.pdf?apiKey=3829b15d-4921-4ea7-9faa-fb1fba132ca7 Prospectus (2026-05-08): https://api.fundinfo.com/document/209a3874b3a2cb0e4d06dc1319507f51_1820677/PR_SG_en_SGXC58537918_YES_2026-05-08.pdf?apiKey=3829b15d-4921-4ea7-9faa-fb1fba132ca7 Semi-annual Report (2024-06-30): https://api.fundinfo.com/document/56b14697fa90505ad31e3caeb7335be4_509070/SAR_SG_en_SGXC58537918_YES_2024-06-30.pdf?apiKey=3829b15d-4921-4ea7-9faa-fb1fba132ca7 ,CSOP Asset Management Pte. Ltd.,0.23,10.79,39.43,39.18,19.72,Equities,Asia Pacific,Distributing,Yes,PASSIVE,No,EIP,0.001
CSOP APAC SELECT US$,LCU,USD,FTSE Asia Pacific Low Carbon Select Index,2.157,2.159,0,0,,,Product Highlight Sheet (2026-05-08): https://api.fundinfo.com/document/307ca0327d191ec682a023dfc291a14a_289162/PHS_SG_en_SGXC58537918_YES_2026-05-08.pdf?apiKey=3829b15d-4921-4ea7-9faa-fb1fba132ca7 Prospectus (2026-05-08): https://api.fundinfo.com/document/209a3874b3a2cb0e4d06dc1319507f51_1820677/PR_SG_en_SGXC58537918_YES_2026-05-08.pdf?apiKey=3829b15d-4921-4ea7-9faa-fb1fba132ca7 Semi-annual Report (2024-06-30): https://api.fundinfo.com/document/56b14697fa90505ad31e3caeb7335be4_509070/SAR_SG_en_SGXC58537918_YES_2024-06-30.pdf?apiKey=3829b15d-4921-4ea7-9faa-fb1fba132ca7 ,CSOP Asset Management Pte. Ltd.,-1.45,9.73,38.93,38.68,21.47,Equities,Asia Pacific,Distributing,Yes,PASSIVE,No,EIP,0.001
CSOP DIV ETF S$,SHD,SGD,SSE Dividend Index,1.083,1.06,0,0,,,Product Highlight Sheet (2026-05-08): https://api.fundinfo.com/document/85baa03d70c3a9d8ce84a1d3aee6c2fe_232110/PHS_SG_en_SGXC63479007_YES_2026-05-08.pdf?apiKey=3829b15d-4921-4ea7-9faa-fb1fba132ca7 Prospectus (2025-11-12): https://api.fundinfo.com/document/b9428bed5687e774a5f4425b7fe62262_1073326/PR_SG_en_SGXC63479007_YES_2025-11-12.pdf?apiKey=3829b15d-4921-4ea7-9faa-fb1fba132ca7 Semi-annual Report (2024-06-30): https://api.fundinfo.com/document/86c8291c5543de4a14289aad5ba82f47_453349/SAR_SG_en_SGXC63479007_YES_2024-06-30.pdf?apiKey=3829b15d-4921-4ea7-9faa-fb1fba132ca7 ,CSOP Asset Management Pte. Ltd.,-3.59,-1.74,10.7,10.64,,Equities,China,Distributing,No,PASSIVE,No,EIP,0.001
CSOP SEA TECH ETF S$,SQQ,SGD,iEdge Southeast Asia+ TECH Index,1.106,1.106,0,0,,,Product Highlight Sheet (2026-05-08): https://api.fundinfo.com/document/213340375a986094beacba4000f26bf0_234189/PHS_SG_en_SGXC71124538_YES_2026-05-08.pdf?apiKey=3829b15d-4921-4ea7-9faa-fb1fba132ca7 Prospectus (2025-11-12): https://api.fundinfo.com/document/b9428bed5687e774a5f4425b7fe62262_1073326/PR_SG_en_SGXC71124538_YES_2025-11-12.pdf?apiKey=3829b15d-4921-4ea7-9faa-fb1fba132ca7 Semi-annual Report (2024-06-30): https://api.fundinfo.com/document/86c8291c5543de4a14289aad5ba82f47_453349/SAR_SG_en_SGXC71124538_YES_2024-06-30.pdf?apiKey=3829b15d-4921-4ea7-9faa-fb1fba132ca7 ,CSOP Asset Management Pte. Ltd.,-2.12,-2.49,3.61,3.61,,Equities,South-East Asia,Accumulating,No,PASSIVE,No,EIP,0.001
CSOP SEA TECH ETF US$,SQU,USD,iEdge Southeast Asia+ TECH Index,0.858,0.857,0,0,,,Product Highlight Sheet (2026-05-08): https://api.fundinfo.com/document/213340375a986094beacba4000f26bf0_234189/PHS_SG_en_SGXC71124538_YES_2026-05-08.pdf?apiKey=3829b15d-4921-4ea7-9faa-fb1fba132ca7 Prospectus (2025-11-12): https://api.fundinfo.com/document/b9428bed5687e774a5f4425b7fe62262_1073326/PR_SG_en_SGXC71124538_YES_2025-11-12.pdf?apiKey=3829b15d-4921-4ea7-9faa-fb1fba132ca7 Semi-annual Report (2024-06-30): https://api.fundinfo.com/document/86c8291c5543de4a14289aad5ba82f47_453349/SAR_SG_en_SGXC71124538_YES_2024-06-30.pdf?apiKey=3829b15d-4921-4ea7-9faa-fb1fba132ca7 ,CSOP Asset Management Pte. Ltd.,-3.32,-3.01,3.7,3.7,,Equities,South-East Asia,Accumulating,No,PASSIVE,No,EIP,0.001
ICBC CSOP CGB ETF S$,CYC,SGD,FTSE Chinese Government Bond Index,13.45,13.46,0,0,,,Product Highlight Sheet (2025-09-02): https://api.fundinfo.com/document/f6b10700ef3963926f8df08bf5991e48_237272/PHS_SG_en_SGXC34971074_YES_2025-09-02.pdf?apiKey=3829b15d-4921-4ea7-9faa-fb1fba132ca7 Prospectus (2025-09-02): https://api.fundinfo.com/document/f8028b15d184dd28acf4fb35fee43f35_793548/PR_SG_en_SGXC34971074_YES_2025-09-02.pdf?apiKey=3829b15d-4921-4ea7-9faa-fb1fba132ca7 Semi-annual Report (2024-06-30): https://api.fundinfo.com/document/449f00a8d83e5bf430a7df43d1e4e2b5_250045/SAR_SG_en_SGXC34971074_YES_2024-06-30.pdf?apiKey=3829b15d-4921-4ea7-9faa-fb1fba132ca7 ,CSOP Asset Management Pte. Ltd.,2.33,3.49,7.73,7.69,4.03,Fixed Income,China,Distributing,No,PASSIVE,No,EIP,0.01
ICBC CSOP CGB ETF US$A,CYX,USD,FTSE Chinese Government Bond Index,11.75,11.76,0,0,,,Product Highlight Sheet (2025-09-02): https://api.fundinfo.com/document/f6b10700ef3963926f8df08bf5991e48_237272/PHS_SG_en_SGXC30293382_YES_2025-09-02.pdf?apiKey=3829b15d-4921-4ea7-9faa-fb1fba132ca7 Prospectus (2025-09-02): https://api.fundinfo.com/document/f8028b15d184dd28acf4fb35fee43f35_793548/PR_SG_en_SGXC30293382_YES_2025-09-02.pdf?apiKey=3829b15d-4921-4ea7-9faa-fb1fba132ca7 Semi-annual Report (2024-06-30): https://api.fundinfo.com/document/449f00a8d83e5bf430a7df43d1e4e2b5_250045/SAR_SG_en_SGXC30293382_YES_2024-06-30.pdf?apiKey=3829b15d-4921-4ea7-9faa-fb1fba132ca7 ,CSOP Asset Management Pte. Ltd.,0.62,2.5,7.33,7.29,5.55,Fixed Income,China,Accumulating,No,PASSIVE,No,EIP,0.01
ICBC CSOP CGB ETF US$D,CYB,USD,FTSE Chinese Government Bond Index,10.41,10.39,0,0,,,Product Highlight Sheet (2025-09-02): https://api.fundinfo.com/document/f6b10700ef3963926f8df08bf5991e48_237272/PHS_SG_en_SGXC34971074_YES_2025-09-02.pdf?apiKey=3829b15d-4921-4ea7-9faa-fb1fba132ca7 Prospectus (2025-09-02): https://api.fundinfo.com/document/f8028b15d184dd28acf4fb35fee43f35_793548/PR_SG_en_SGXC34971074_YES_2025-09-02.pdf?apiKey=3829b15d-4921-4ea7-9faa-fb1fba132ca7 Semi-annual Report (2024-06-30): https://api.fundinfo.com/document/449f00a8d83e5bf430a7df43d1e4e2b5_250045/SAR_SG_en_SGXC34971074_YES_2024-06-30.pdf?apiKey=3829b15d-4921-4ea7-9faa-fb1fba132ca7 ,CSOP Asset Management Pte. Ltd.,0.62,2.5,7.31,7.27,5.55,Fixed Income,China,Distributing,No,PASSIVE,No,EIP,0.01
IS ASIA BND US$,N6M,USD,J.P. Morgan Asia Credit Index - Core,9.83,9.85,0,0,,,Monthly Report (2026-05-31): https://api.fundinfo.com/document/35a9d6bfeb6ad44e1019c72929f12635_267988/MR_SG_en_SG2D32970329_YES_2026-05-31.pdf?apiKey=3829b15d-4921-4ea7-9faa-fb1fba132ca7 Product Highlight Sheet (2025-06-12): https://api.fundinfo.com/document/5d35048bce3fddcd333d3d8a200ef5b4_185376/PHS_SG_en_SG2D32970329_YES_2025-06-12.pdf?apiKey=3829b15d-4921-4ea7-9faa-fb1fba132ca7 Annual Report (2024-12-31): https://api.fundinfo.com/document/70e705441f4f69c0f6e9cdaf8999219e_644804/AR_SG_en_SG2D32970329_YES_2024-12-31.pdf?apiKey=3829b15d-4921-4ea7-9faa-fb1fba132ca7 Semi-annual Report (2024-06-30): https://api.fundinfo.com/document/06ac477e6919c2a6bfa27467cfea1520_626745/SAR_SG_en_SG2D32970329_YES_2024-06-30.pdf?apiKey=3829b15d-4921-4ea7-9faa-fb1fba132ca7 Prospectus (2022-06-24): https://api.fundinfo.com/document/500e07cb91a371ffe733b8e1b63bdb25_834223/PR_SG_en_SG2D32970329_YES_2022-06-24.pdf?apiKey=3829b15d-4921-4ea7-9faa-fb1fba132ca7 ,Black Rock Singapore (Ltd),-0.08,0.2,6.67,6.67,7.3,Fixed Income,Asia,Distributing,No,PASSIVE,No,EIP,0.01
IS INDIA CLIMATE US$,I98,USD,MSCI India ESG Enhanced Focus CTB Select Index,12.74,12.7,0,0,,,Monthly Report (2026-05-31): https://api.fundinfo.com/document/709f7c781bf9477d5bbc42688cc05233_239182/MR_SG_en_SG1T41930465_YES_2026-05-31.pdf?apiKey=3829b15d-4921-4ea7-9faa-fb1fba132ca7 Annual Report (2024-12-31): https://api.fundinfo.com/document/70e705441f4f69c0f6e9cdaf8999219e_644804/AR_SG_en_SG1T41930465_YES_2024-12-31.pdf?apiKey=3829b15d-4921-4ea7-9faa-fb1fba132ca7 Semi-annual Report (2024-06-30): https://api.fundinfo.com/document/06ac477e6919c2a6bfa27467cfea1520_626745/SAR_SG_en_SG1T41930465_YES_2024-06-30.pdf?apiKey=3829b15d-4921-4ea7-9faa-fb1fba132ca7 Prospectus (2023-03-06): https://api.fundinfo.com/document/af8882ad8b9a7d6657eac12f794ece47_1274868/PR_SG_en_SG1T41930465_YES_2023-03-06.pdf?apiKey=3829b15d-4921-4ea7-9faa-fb1fba132ca7 ,Black Rock Singapore (Ltd),-3.65,-6.47,-14.31,-14.31,2.69,Equities,India,Accumulating,Yes,PASSIVE,No,EIP,0.01
ISHARES AXJCLIMATE US$,ICU,USD,MSCI AC Asia ex Japan Climate Action Index,1.522,1.546,0,0,,,Monthly Report (2026-05-31): https://api.fundinfo.com/document/6994d76bab8a680893a4ed09bf12d331_203054/MR_SG_en_SGXC39575946_YES_2026-05-31.pdf?apiKey=3829b15d-4921-4ea7-9faa-fb1fba132ca7 Semi-annual Report (2024-06-30): https://api.fundinfo.com/document/06ac477e6919c2a6bfa27467cfea1520_626745/SAR_SG_en_SGXC39575946_YES_2024-06-30.pdf?apiKey=3829b15d-4921-4ea7-9faa-fb1fba132ca7 ,Black Rock Singapore (Ltd),-1.5,9,23.61,23.61,,Equities,Asia,Distributing,Yes,PASSIVE,No,EIP,0.001
Lion-CM CSI Div CNY,ICH,CNH,CSI Dividend Index,5.237,5.348,0,0,,,,Lion Global Investors Limited,,,,,,Equities,China,Distributing,No,PASSIVE,No,EIP,0.001
Lion-CM EM Asia S$,EAA,SGD,iEdge Emerging Asia Select 50 Index,1.21,1.207,0,0,,,,Lion Global Investors Limited,,,,,,Equities,Asia,Accumulating,No,PASSIVE,No,EIP,0.001
Lion-CM EM Asia US$,EAU,USD,iEdge Emerging Asia Select 50 Index,0.937,0.923,0,0,,,,Lion Global Investors Limited,,,,,,Equities,Asia,Accumulating,No,PASSIVE,No,EIP,0.001
Lion-OCBC Sec HSTECH US$,HSS,USD,Hang Seng TECH Index,0.563,0.558,0,0,,,Monthly Report (2026-04-30): https://api.fundinfo.com/document/16b3a7174290b73a3aaccb25b0b168cf_172454/MR_SG_en_SGXC56627679_YES_2026-04-30.pdf?apiKey=3829b15d-4921-4ea7-9faa-fb1fba132ca7 Annual Report (2025-12-31): https://api.fundinfo.com/document/4ce765619de8835cbf68ed16a99d12c4_350058/AR_SG_en_SGXC56627679_YES_2025-12-31.pdf?apiKey=3829b15d-4921-4ea7-9faa-fb1fba132ca7 Prospectus (2025-11-12): https://api.fundinfo.com/document/2ced0da9a7484ee30ae0f9eec150acbe_618091/PR_SG_en_SGXC56627679_YES_2025-11-12.pdf?apiKey=3829b15d-4921-4ea7-9faa-fb1fba132ca7 Semi-annual Report (2025-06-30): https://api.fundinfo.com/document/16f8d7d58fc8fa76db223287e9c76cbb_150263/SAR_SG_en_SGXC56627679_YES_2025-06-30.pdf?apiKey=3829b15d-4921-4ea7-9faa-fb1fba132ca7 Product Highlight Sheet (2024-11-13): https://api.fundinfo.com/document/052a53e74047335be515e3a04c1cbe52_85200/PHS_SG_en_SGXC56627679_YES_2024-11-13.pdf?apiKey=3829b15d-4921-4ea7-9faa-fb1fba132ca7 ,Lion Global Investors Limited,-4.25,-1.14,-7.16,-7.16,8.21,Equities,China,Accumulating,No,PASSIVE,No,EIP,0.001
Lion-OSPL APAC Fin US$,YLU,USD,iEdge APAC Financials Dividend Plus Index,1.138,1.124,0,0,,,Monthly Report (2026-04-30): https://api.fundinfo.com/document/bc267b0eda95edfe4bdd66d2205c71d4_200145/MR_SG_en_SGXC10762612_YES_2026-04-30.pdf?apiKey=3829b15d-4921-4ea7-9faa-fb1fba132ca7 Prospectus (2026-03-20): https://api.fundinfo.com/document/0a8b412f4d979cd67b80afe0e198f582_711030/PR_SG_en_SGXC10762612_YES_2026-03-20.pdf?apiKey=3829b15d-4921-4ea7-9faa-fb1fba132ca7 Annual Report (2025-12-31): https://api.fundinfo.com/document/7389663c1b32f99d05a07871ebdb7ea2_685846/AR_SG_en_SGXC10762612_YES_2025-12-31.pdf?apiKey=3829b15d-4921-4ea7-9faa-fb1fba132ca7 Semi-annual Report (2025-06-30): https://api.fundinfo.com/document/5151daac5e7a2a8b2fb65533ab7ff596_173521/SAR_SG_en_SGXC10762612_YES_2025-06-30.pdf?apiKey=3829b15d-4921-4ea7-9faa-fb1fba132ca7 Product Highlight Sheet (2025-03-21): https://api.fundinfo.com/document/44dbd3c35e214ac45cbcf488a8718cda_105931/PHS_SG_en_SGXC10762612_YES_2025-03-21.pdf?apiKey=3829b15d-4921-4ea7-9faa-fb1fba132ca7 ,Lion Global Investors Limited,-5.98,1.08,23.6,23.46,,Equities,Asia Pacific,Distributing,No,PASSIVE,No,EIP,0.001
Lion-OSPL China L CNY,YYR,CNH,Hang Seng Stock Connect China 80 Index,9.086,9.179,0,0,,,Prospectus (2026-06-26): https://api.fundinfo.com/document/0ee3b303a8e9fc0f106bb04b54af21ee_730773/PR_SG_en_SGXC42834322_YES_2026-06-26.pdf?apiKey=3829b15d-4921-4ea7-9faa-fb1fba132ca7 Monthly Report (2026-04-30): https://api.fundinfo.com/document/ab71a292a7378558717808575891df83_207640/MR_SG_en_SGXC42834322_YES_2026-04-30.pdf?apiKey=3829b15d-4921-4ea7-9faa-fb1fba132ca7 Annual Report (2025-12-31): https://api.fundinfo.com/document/e5566b575755c74c09ff026fc543e2d6_669991/AR_SG_en_SGXC42834322_YES_2025-12-31.pdf?apiKey=3829b15d-4921-4ea7-9faa-fb1fba132ca7 Semi-annual Report (2025-06-30): https://api.fundinfo.com/document/9689904719c9cce0c08b7deaf33ccdf0_205689/SAR_SG_en_SGXC42834322_YES_2025-06-30.pdf?apiKey=3829b15d-4921-4ea7-9faa-fb1fba132ca7 ,Lion Global Investors Limited,-3.52,-0.61,4.69,4.69,8.7,Equities,China,Distributing,No,PASSIVE,No,EIP,0.001
PHIL AP DIV REIT S$D,BYJ,SGD,iEdge APAC ex Japan Dividend Leaders REIT Index,1.117,1.132,0,0,,,,Phillip Capital Management (S) Ltd,,,,,,REITs,Asia Pacific,Distributing,No,PASSIVE,No,EIP,0.001
PHIL SING INC USD,OVS,USD,Morningstar® Singapore Yield Focus Index,1.233,1.228,0,0,,,,Phillip Capital Management (S) Ltd,,,,,,Equities,Singapore,Accumulating,No,PASSIVE,No,EIP,0.001
PHIL-CU MS CHINA A50 US$,MCS,USD,MSCI China A 50 Connect Index,1.18,1.217,0,0,,,Monthly Report (2026-05-31): https://api.fundinfo.com/document/f15f69d58d613dc9fdc7fae92059557f_525808/MR_SG_en_SGXC55887332_YES_2026-05-31.pdf?apiKey=3829b15d-4921-4ea7-9faa-fb1fba132ca7 Annual Report (2026-03-31): https://api.fundinfo.com/document/a5b179b7f5ed209f3b58366beb0b708b_516732/AR_SG_en_SGXC55887332_YES_2026-03-31.pdf?apiKey=3829b15d-4921-4ea7-9faa-fb1fba132ca7 Product Highlight Sheet (2026-02-20): https://api.fundinfo.com/document/36636ebf5f71427e2510804a42125809_170450/PHS_SG_en_SGXC55887332_YES_2026-02-20.pdf?apiKey=3829b15d-4921-4ea7-9faa-fb1fba132ca7 Prospectus (2026-02-20): https://api.fundinfo.com/document/3461e8f6aa5470ea359d51d0e6227171_1101905/PR_SG_en_SGXC55887332_YES_2026-02-20.pdf?apiKey=3829b15d-4921-4ea7-9faa-fb1fba132ca7 Semi-annual Report (2024-09-30): https://api.fundinfo.com/document/8a71892cc91243ce245593cdcd94373f_200754/SAR_SG_en_SGXC55887332_YES_2024-09-30.pdf?apiKey=3829b15d-4921-4ea7-9faa-fb1fba132ca7 ,Phillip Capital Management (S) Ltd,10.34,10.34,43.68,43.4,,Equities,China,Accumulating,No,PASSIVE,No,EIP,0.001
PHILLIP MM US$D,MMT,USD,FTSE SGD 3-month SOR Index,80.02,79.83,0,0,,,Monthly Report (2026-05-29): https://api.fundinfo.com/document/95a4ebbf5f36f407bf0b41a51f35afcc_525896/MR_SG_en_SGXC85914460_YES_2026-05-29.pdf?apiKey=3829b15d-4921-4ea7-9faa-fb1fba132ca7 Annual Report (2025-12-31): https://api.fundinfo.com/document/48c2c48b96c7e5f15d61fc4e7d11e161_839182/AR_SG_en_SGXC85914460_YES_2025-12-31.pdf?apiKey=3829b15d-4921-4ea7-9faa-fb1fba132ca7 Semi-annual Report (2025-06-30): https://api.fundinfo.com/document/e251bb23e19866cd91c96920f15c56df_551398/SAR_SG_en_SGXC85914460_YES_2025-06-30.pdf?apiKey=3829b15d-4921-4ea7-9faa-fb1fba132ca7 Prospectus (2024-09-18): https://api.fundinfo.com/document/642f6e30d455f9f92516cd3846ebb299_1038557/PR_SG_en_SGXC85914460_YES_2024-09-18.pdf?apiKey=3829b15d-4921-4ea7-9faa-fb1fba132ca7 Product Highlight Sheet (2024-09-18): https://api.fundinfo.com/document/3a7dda51a54d0e0eb06dbe6fe9e4ff19_191152/PHS_SG_en_SGXC85914460_YES_2024-09-18.pdf?apiKey=3829b15d-4921-4ea7-9faa-fb1fba132ca7 ,Phillip Capital Management (S) Ltd,,,,,,Fixed Income,Singapore,Distributing,No,PASSIVE,No,EIP,0.001
SS SPDR JPMSaudiAgBd USD,KSB,USD,J.P. Morgan Saudi Arabia Aggregate Index,31.825,31.72,0,0,,,,State Street Investment Management,,,,,,Fixed Income,Saudi Arabia,Accumulating,No,PASSIVE,No,EIP,0.001
UOB AP GRN REIT US$,GRE,USD,iEdge-UOB APAC Yield Focus Green REIT Index,0.544,0.541,0,0,,,Semi-annual Report (2025-12-31): https://api.fundinfo.com/document/0371f5079c681f96f0821eb14bf03254_80132/SAR_SG_en_SGXC32426998_YES_2025-12-31.pdf?apiKey=3829b15d-4921-4ea7-9faa-fb1fba132ca7 Product Highlight Sheet (2025-09-25): https://api.fundinfo.com/document/01e0da9df68acc0769d61acb4de52706_248532/PHS_SG_en_SGXC32426998_YES_2025-09-25.pdf?apiKey=3829b15d-4921-4ea7-9faa-fb1fba132ca7 Prospectus (2025-09-01): https://api.fundinfo.com/document/ee802eb1a082fafe0ea2d1d28e82af20_754056/PR_SG_en_SGXC32426998_YES_2025-09-01.pdf?apiKey=3829b15d-4921-4ea7-9faa-fb1fba132ca7 Annual Report (2025-06-30): https://api.fundinfo.com/document/5c36a5fbace5f8fe5ed0b705f39c8502_158735/AR_SG_en_SGXC32426998_YES_2025-06-30.pdf?apiKey=3829b15d-4921-4ea7-9faa-fb1fba132ca7 ,UOB Asset Management,-4.75,-6.07,0,0,2.66,REITs,Asia Pacific,Distributing,Yes,PASSIVE,No,EIP,0.001
UOBAM FTSE CN A50 US$,VK8,USD,FTSE China A50 Index,1.942,1.991,0,0,,,Product Highlight Sheet (2026-03-23): https://api.fundinfo.com/document/928213b78323633700a1a9708b128586_264655/PHS_SG_en_SG1Y89950071_YES_2026-03-23.pdf?apiKey=3829b15d-4921-4ea7-9faa-fb1fba132ca7 Prospectus (2026-03-23): https://api.fundinfo.com/document/db3d0d77e6d023eb1a5ee4359a2c83b5_699627/PR_SG_en_SG1Y89950071_YES_2026-03-23.pdf?apiKey=3829b15d-4921-4ea7-9faa-fb1fba132ca7 Annual Report (2024-06-30): https://api.fundinfo.com/document/da3f52e81cf1216c37108dc84a5c2c30_140080/AR_SG_en_SG1Y89950071_YES_2024-06-30.pdf?apiKey=3829b15d-4921-4ea7-9faa-fb1fba132ca7 ,UOB Asset Management,,,,,,Equities,China,Distributing,No,PASSIVE,No,EIP,0.001
UOBAM PA FT ASEAN DV US$,UPU,USD,FTSE ASEAN ex REITs Target Dividend Index,0.755,0.747,0,0,,,,UOB Asset Management,,,,,,Equities,South-East Asia,Distributing,No,PASSIVE,No,EIP,0.001
UOBAM PINGAN CHINEXT US$,CXU,USD,ChiNext Index,1.011,1.016,0,0,,,Semi-annual Report (2025-12-31): https://api.fundinfo.com/document/c94cb8cea02d5bcc443a940a2d18ca35_79844/SAR_SG_en_SGXC54700155_YES_2025-12-31.pdf?apiKey=3829b15d-4921-4ea7-9faa-fb1fba132ca7 Product Highlight Sheet (2025-12-11): https://api.fundinfo.com/document/15c24f8e327d998cebe9fa9a48272cc7_251372/PHS_SG_en_SGXC54700155_YES_2025-12-11.pdf?apiKey=3829b15d-4921-4ea7-9faa-fb1fba132ca7 Prospectus (2025-12-11): https://api.fundinfo.com/document/404d321c04fbaf6be354f9b83a8999bd_753660/PR_SG_en_SGXC54700155_YES_2025-12-11.pdf?apiKey=3829b15d-4921-4ea7-9faa-fb1fba132ca7 Annual Report (2025-06-30): https://api.fundinfo.com/document/9eb90285e91aff62ecbd0de28b9b95ac_152930/AR_SG_en_SGXC54700155_YES_2025-06-30.pdf?apiKey=3829b15d-4921-4ea7-9faa-fb1fba132ca7 ,UOB Asset Management,0.22,18.08,84.17,83.56,17.94,Equities,China,Accumulating,No,PASSIVE,No,EIP,0.001
XT MS SING S$,XSG,SGD,MSCI Singapore Investable Market Total Return Net Index,3.325,3.09,0,0,,,Product Highlight Sheet (2026-06-18): https://api.fundinfo.com/document/259998e593572961d6ba4ce7fd21fd0c_56641/PHS_SG_en_LU0659578842_YES_2026-06-18.pdf?apiKey=3829b15d-4921-4ea7-9faa-fb1fba132ca7 Prospectus (2026-06-18): https://api.fundinfo.com/document/524b6958a32c40db4e7bcd7570f4a7b0_4365618/PR_SG_en_LU0659578842_YES_2026-06-18.pdf?apiKey=3829b15d-4921-4ea7-9faa-fb1fba132ca7 Annual Report (2025-12-31): https://api.fundinfo.com/document/b19b04bab7cd60922c0d96d7b2e2f774_3608253/AR_SG_en_LU0659578842_YES_2025-12-31.pdf?apiKey=3829b15d-4921-4ea7-9faa-fb1fba132ca7 Semi-annual Report (2025-06-30): https://api.fundinfo.com/document/8d845f18dc319ce0fde262920a164de6_1349897/SAR_SG_en_LU0659578842_YES_2025-06-30.pdf?apiKey=3829b15d-4921-4ea7-9faa-fb1fba132ca7 ,DWS Investments,,,,,,Equities,Singapore,Accumulating,No,PASSIVE,No,EIP,0.001
XT MSCHINA US$,LG9,USD,MSCI China TR Net Daily USD Index,17.42,17.84,0,0,,,Prospectus (2026-06-18): https://api.fundinfo.com/document/524b6958a32c40db4e7bcd7570f4a7b0_4365618/PR_SG_en_LU0514695690_YES_2026-06-18.pdf?apiKey=3829b15d-4921-4ea7-9faa-fb1fba132ca7 Product Highlight Sheet (2026-06-18): https://api.fundinfo.com/document/3be26b936fdaeea2c6931798da1944f3_63051/PHS_SG_en_LU0514695690_YES_2026-06-18.pdf?apiKey=3829b15d-4921-4ea7-9faa-fb1fba132ca7 Annual Report (2025-12-31): https://api.fundinfo.com/document/b19b04bab7cd60922c0d96d7b2e2f774_3608253/AR_SG_en_LU0514695690_YES_2025-12-31.pdf?apiKey=3829b15d-4921-4ea7-9faa-fb1fba132ca7 Semi-annual Report (2025-06-30): https://api.fundinfo.com/document/8d845f18dc319ce0fde262920a164de6_1349897/SAR_SG_en_LU0514695690_YES_2025-06-30.pdf?apiKey=3829b15d-4921-4ea7-9faa-fb1fba132ca7 ,DWS Investments,-5.84,-4.21,3.23,3.23,9.26,Equities,China,Accumulating,No,PASSIVE,No,EIP,0.01
XT MSINDO US$,KJ7,USD,MSCI Daily TRN Net Emerging Markets Indonesia USD Index,8.6,8.54,0,0,,,Prospectus (2026-06-18): https://api.fundinfo.com/document/524b6958a32c40db4e7bcd7570f4a7b0_4365618/PR_SG_en_LU0476289623_YES_2026-06-18.pdf?apiKey=3829b15d-4921-4ea7-9faa-fb1fba132ca7 Product Highlight Sheet (2026-06-18): https://api.fundinfo.com/document/a574cc304f59899a045b932512909b98_71921/PHS_SG_en_LU0476289623_YES_2026-06-18.pdf?apiKey=3829b15d-4921-4ea7-9faa-fb1fba132ca7 Annual Report (2025-12-31): https://api.fundinfo.com/document/b19b04bab7cd60922c0d96d7b2e2f774_3608253/AR_SG_en_LU0476289623_YES_2025-12-31.pdf?apiKey=3829b15d-4921-4ea7-9faa-fb1fba132ca7 Semi-annual Report (2025-06-30): https://api.fundinfo.com/document/8d845f18dc319ce0fde262920a164de6_1349897/SAR_SG_en_LU0476289623_YES_2025-06-30.pdf?apiKey=3829b15d-4921-4ea7-9faa-fb1fba132ca7 ,DWS Investments,-23.16,-33.38,-43.24,-43.24,-22.39,Equities,Indonesia,Accumulating,No,PASSIVE,No,SIP,0.01
XT SingGovBond SG$,KV4,SGD,FTSE Singapore Government Bond Index,167.14,166.65,0,0,,,,DWS Investments,0.26,0.56,4.8,4.8,4.74,Fixed Income,Singapore,Accumulating,No,PASSIVE,No,EIP,0.01
XT Vietnam US$,HD9,USD,STOXX Vietnam Total Market Liquid Index,41.64,42.01,0,0,,,Product Highlight Sheet (2026-06-18): https://api.fundinfo.com/document/86debd60e128c4678c3039cad633dbc9_71957/PHS_SG_en_LU0322252924_YES_2026-06-18.pdf?apiKey=3829b15d-4921-4ea7-9faa-fb1fba132ca7 Prospectus (2026-06-18): https://api.fundinfo.com/document/524b6958a32c40db4e7bcd7570f4a7b0_4365618/PR_SG_en_LU0322252924_YES_2026-06-18.pdf?apiKey=3829b15d-4921-4ea7-9faa-fb1fba132ca7 Annual Report (2025-12-31): https://api.fundinfo.com/document/b19b04bab7cd60922c0d96d7b2e2f774_3608253/AR_SG_en_LU0322252924_YES_2025-12-31.pdf?apiKey=3829b15d-4921-4ea7-9faa-fb1fba132ca7 Semi-annual Report (2025-06-30): https://api.fundinfo.com/document/8d845f18dc319ce0fde262920a164de6_1349897/SAR_SG_en_LU0322252924_YES_2025-06-30.pdf?apiKey=3829b15d-4921-4ea7-9faa-fb1fba132ca7 ,DWS Investments,-5.35,6.36,46.58,46.58,15.02,Equities,Vietnam,Accumulating,No,PASSIVE,No,SIP,0.01
